"text","source","url"
"‘Inspired by Nepal’s Gen-Z protests’: 4 Youth Congress workers sent to 5-day custody for 'topless' protest A Delhi court granted police five-day custody of four Youth Congress workers who staged a shirtless protest at the AI summit venue. Police allege a conspiracy to defame India, citing anti-national slogans and T-shirts targeting the Prime Minister. Investigators are probing potential foreign funding and a larger plot, with three officers reportedly injured during the incident.","Times of India","https://timesofindia.indiatimes.com/india/inspired-by-nepals-gen-z-protests-delhi-police-on-congress-shirtless-march-at-ai-summit/articleshow/128637308.cms"
"Delhi on alert: Lashkar-e-Taiba ‘plotting’ IED attack near Red Fort, Chandni Chowk area Delhi faces a terror threat alert near the Red Fort. Intelligence suggests Lashkar-e-Taiba may target a temple in Chandni Chowk with an IED. This potential strike aims to avenge a recent mosque blast in Pakistan. Prominent religious sites across India are on the group's radar. Security has been heightened in the capital's sensitive areas.","Times of India","https://timesofindia.indiatimes.com/city/delhi/lashkar-e-taiba-plotting-ied-attack-in-delhis-chandni-chowk-area-report/articleshow/128633499.cms"
"Who is behind wheels? In high-profile car crashes, no one seems to be 'driving' In India's high-profile luxury car crashes, a recurring defence emerges: a hired driver was at the wheel. Investigations often uncover conflicting claims, with authorities relying on CCTV, eyewitnesses, and forensic evidence to establish the true driver. This pattern highlights the challenges in determining responsibility and the vulnerability of drivers in such cases.","Times of India","https://timesofindia.indiatimes.com/city/delhi/who-is-behind-wheels-in-high-profile-car-crashes-no-one-seems-to-be-driving/articleshow/128635855.cms"
"Pakistan vs New Zealand Super 8s: Venue stats, head-to-head, weather forecast New Zealand's middle order faces a stern test against Pakistan's spin attack in their T20 World Cup Super Eight opener. The Kiwis' batting has yet to hit its stride, while Pakistan's spinners are well-accustomed to Colombo's slow conditions. Rain threatens to disrupt the crucial encounter, with no reserve day available.","Times of India","https://timesofindia.indiatimes.com/sports/cricket/icc-mens-t20-world-cup/pakistan-vs-new-zealand-super-8s-t20-world-cup-2026-venue-stats-head-to-head-weather-forecast/articleshow/128638464.cms"
"Jeff Bezos's ex-wife's record $7.2 bn donation in 2025 called 'Bad donation', Musk agrees Philanthropist MacKenzie Scott has donated billions rapidly, but Y Combinator CEO Garry Tan criticizes her approach, calling it ""bad"" due to a lack of oversight and accountability. Tan argues this ""spray and pray"" method can lead to mismanagement and unintended negative consequences for recipient organizations.","Times of India","https://timesofindia.indiatimes.com/technology/tech-news/jeff-bezoss-ex-wife-mackenzie-scotts-record-7-2-billion-donation-in-2025-called-bad-donation-and-elon-musk-agrees-with-it-says-/articleshow/128639354.cms"
"'I love my man': Mahieka Sharma's romantic reply to Hardik Pandya goes viral Cricketer Hardik Pandya celebrated Mahieka Sharma's 25th birthday with a heartfelt Instagram post featuring a romantic video. Sharma reciprocated the affection, calling Pandya her ""best gift."" The couple, who confirmed their relationship in October 2025, has been seen together publicly since. Pandya was previously married to Natasa Stankovic.","Times of India","https://timesofindia.indiatimes.com/sports/cricket/news/i-love-my-man-mahieka-sharmas-romantic-reply-to-hardik-pandya-goes-viral/articleshow/128632359.cms"
"T20 World Cup 2026: How worried should India be about their Super 8 opponents The T20 World Cup's Super 8 stage marks the true beginning of the tournament, with India facing a tough path in Group 1. Despite an unbeaten group stage, concerns linger over opener Abhishek Sharma's form and the team's fielding ahead of crucial matches against South Africa, Zimbabwe, and the West Indies.","Times of India","https://timesofindia.indiatimes.com/sports/cricket/icc-mens-t20-world-cup/t20-world-cup-2026-how-worried-should-india-be-about-their-super-8-opponents/articleshow/128633289.cms"
"Heated arguments, then multiple gunshots: Man shoots wife dead over marital dispute in Faridabad A 32-year-old woman, Sangeeta, was fatally shot by her husband, Dilip Yadav, during a marital dispute in Faridabad. The couple was undergoing divorce proceedings. Dilip, accompanied by family, confronted Sangeeta at her parents' home, leading to an argument and the fatal shooting. Both Dilip and his brother-in-law are currently at large.","Times of India","https://timesofindia.indiatimes.com/city/faridabad/heated-arguments-then-multiple-gunshots-man-shoots-wife-dead-over-marital-dispute-in-faridabad/articleshow/128636006.cms"
"Infosys CEO Salil Parekh talks about AI tools replacing engineers Infosys CEO Salil Parekh reassures that AI will augment, not decimate, IT jobs, projecting a thriving Indian IT industry by 2030. He highlights the need for engineering expertise to integrate AI into enterprises and notes a positive US business environment. Infosys continues campus hiring, anticipating increased demand for skilled professionals.","Times of India","https://timesofindia.indiatimes.com/technology/tech-news/infosys-ceo-salil-parekh-on-ai-tools-replacing-engineers-it-is-not-that-overnight-everything-is-going-to-be-replaced-as-in-large-companies-/articleshow/128622632.cms"
"BJP protests nationwide in response to Congress' 'topless' AI Summit protest BJP staged nationwide protests after Indian Youth Congress workers disrupted the India AI Impact Summit, displaying slogans against PM Modi. Four IYC leaders were arrested. BJP workers also showed black flags to Rahul Gandhi in Mumbai, accusing the Congress of an 'anti-national' act and demanding an apology for the 'shameful' summit disruption.","Times of India","https://timesofindia.indiatimes.com/india/bjp-protests-nationwide-in-response-to-congress-topless-ai-summit-protest-four-iyc-leaders-arrested/articleshow/128636375.cms"
"Ranbir Kapoor family leases 5 floors for 20 years for New RK studios In a bold move to honor the RK Studios heritage, Ranbir Kapoor is set to transform five floors in Andheri East into a cutting-edge facility. This remarkable studio will cover a vast 250,000 sq ft and include top-notch virtual production spaces, VFX studios, cutting-edge music and editing suites, exclusive screening rooms, and opulent green rooms. Read on to know more in detail.","Times of India","https://timesofindia.indiatimes.com/entertainment/hindi/bollywood/news/ranbir-kapoor-and-family-lease-5-floors-for-20-years-to-set-up-new-rk-studios-in-andheri-check-out-detailed-plan-report/articleshow/128636489.cms"
"Perplexity seems to have joined Anthropic in 'trolling' Sam Altman Perplexity is reportedly distancing itself from OpenAI's ad-based monetization strategy for chatbots, aligning with Anthropic's approach. The AI search startup plans to focus on subscription and enterprise revenue, emphasizing user trust over advertising. This move comes as Perplexity expands its enterprise sales push, targeting organizations and professional users.","Times of India","https://timesofindia.indiatimes.com/technology/tech-news/perplexity-seems-to-have-joined-anthropic-in-trolling-sam-altman-says-no-to-/articleshow/128637850.cms"
"'KHxRK' reunion: Rajinikanth and Kamal Haasan reunite for a quirky film Superstars Rajinikanth and Kamal Haasan have reunited for a quirky film, tentatively titled 'KHxRK', with Nelson Dilipkumar directing. The promo, released today, has generated significant buzz, hinting at a blend of humor, nostalgia, and visual appeal. Anirudh Ravichander is composing the music for this highly anticipated project, promising a vintage cinematic experience for fans after a 45-year gap.","Times of India","https://timesofindia.indiatimes.com/entertainment/tamil/movies/news/khxrk-reunion-rajinikanth-and-kamal-haasan-reunite-for-a-quirky-film-nelson-dilipkumar-to-direct-the-historical-film/articleshow/128636382.cms"
"Footage shows highway swallowed by gas cloud after Chile truck explosion — watch A liquefied gas truck explosion on a highway in Santiago, Chile, resulted in at least four fatalities and 17 injuries. The blast, which occurred in the Renca district, sent a large gas cloud across the highway and damaged numerous vehicles. President Gabriel Boric confirmed government teams are assisting affected populations due to smoke in the area.","Times of India","https://timesofindia.indiatimes.com/world/rest-of-world/footage-shows-highway-swallowed-by-gas-cloud-after-chile-truck-explosion-watch/articleshow/128637165.cms"
"New Zealand wary of Usman Tariq threat but back familiarity against Pakistan The Super 8 stage kicks off with a crucial clash between Pakistan and New Zealand in Colombo. Pakistan holds a slight edge due to their spin attack, particularly mystery spinner Usman Tariq. New Zealand, familiar with Pakistan's bowling, will rely on their middle order to counter the threat.","Times of India","https://timesofindia.indiatimes.com/sports/cricket/icc-mens-t20-world-cup/pak-vs-nz-super-8-showdown-new-zealand-wary-of-usman-tariq-threat-but-back-familiarity-against-pakistan/articleshow/128635541.cms"
"What’s next as US Supreme Court sends Trump's trade policy into flux The Supreme Court ruled President Trump cannot use emergency powers for certain tariffs, impacting his trade strategy but not the trade war. Despite this, Trump announced new tariffs under the Trade Act of 1974, aiming for similar revenue despite a more complex legal process. Importers face ongoing uncertainty as the administration navigates new legal avenues for tariff enforcement.","Times of India","https://timesofindia.indiatimes.com/business/international-business/whats-next-as-us-supreme-court-sends-trumps-trade-policy-into-flux/articleshow/128637711.cms"
"Ram Charan and Upasana Konidela join Allu Arjun’s pre-wedding bash Allu Sirish and Nayanika Reddy are gearing up for their big day on March 6, with vibrant pre-wedding events lighting up the festivities! Family and friends, including beloved figures Ram Charan and Upasana, gathered at a private celebration hosted by Allu Arjun and Sneha Reddy.","Times of India","https://timesofindia.indiatimes.com/entertainment/telugu/movies/news/allu-sirish-wedding-ram-charan-and-upasana-konidela-join-allu-arjuns-pre-wedding-bash-ahead-of-his-brothers-marriage/articleshow/128638493.cms"
"The $170bn question: US SC junks Trump tariffs, but who will get the refunds? The Supreme Court invalidated Trump's tariffs, leaving billions in collected duties in limbo. While the administration previously promised refunds, the process remains unclear, with individual importers potentially needing to file lawsuits. This ruling, which affirmed Congress's power to tax, has left companies and countries awaiting further guidance.","Times of India","https://timesofindia.indiatimes.com/business/international-business/the-170bn-question-us-sc-junks-trump-tariffs-but-who-will-get-the-refunds/articleshow/128634212.cms"
"Caught cheating, told to leave: Student assaults professor in Karnataka college; video viral A student at a Kalaburagi private homoeopathy college attacked a lecturer after being caught copying during an exam. The lecturer confiscated the student's answer sheet and asked him to leave, prompting the enraged student to assault him. The college has barred the student from further exams, but no complaint has been filed.","Times of India","https://timesofindia.indiatimes.com/city/hubballi/caught-copying-student-assaults-lecturer-at-homeopathy-college/articleshow/128618117.cms"
"'Attacked with repeated kicks, punches': Man kills mother over bitter gourd curry in Maharashtra A 37-year-old man allegedly fatally assaulted his 65-year-old mother in Chandrapur after an argument over bitter gourd curry. The accused, reportedly under the influence of alcohol and with a history of dependence, was arrested. The mother succumbed to her injuries at the scene.","Times of India","https://timesofindia.indiatimes.com/city/nagpur/man-kills-mom-over-bitter-gourd-curry-in-chanda-village/articleshow/128622249.cms"
"Effective from February 24: All you need to know about Trump's new 10% global tariffs President Trump signed a proclamation imposing a 10% temporary import surcharge on most goods, effective February 24 for 150 days. This action, taken under emergency powers, aims to address significant balance-of-payments deficits and encourage domestic manufacturing. Broad exemptions are included for economic necessity and national interest.","Times of India","https://timesofindia.indiatimes.com/business/international-business/effective-from-february-24-all-you-need-to-about-trumps-new-10-global-tariffs/articleshow/128634090.cms"
"Pax Silica: India joins US initiative to counter China as both ‘align in defence of liberty’","Times of India","https://timesofindia.indiatimes.com/india/india-joins-us-initiative-to-counter-china-as-both-align-in-def-of-liberty/articleshow/128629729.cms"
"Rapper Lil Poppa passed away at 25 due to a gunshot wound - Report Tragedy has struck the rap world with the untimely death of 25-year-old Lil Poppa, whose real name was Janarious Mykel Wheeler. Authorities have confirmed the Jacksonville rapper's passing was due to a gunshot wound to the head, officially ruled as suicide. His management expressed profound grief, remembering him as a talented and ambitious artist with immense potential.","Times of India","https://timesofindia.indiatimes.com/entertainment/english/music/news/cause-of-passing-revealed-rapper-lil-poppa-passed-away-at-25-due-to-a-gunshot-wound-report/articleshow/128636804.cms"
"Saudi crude imports narrow gap with Russia, set to become biggest supplier Saudi Arabia has temporarily become India's top crude oil supplier, with imports reaching their highest since November 2019. February saw nearly 1-1.1 million barrels per day arriving from the West Asian nation, surpassing Russia. This shift occurs amid US pressure on India to reduce Russian crude purchases, though analysts anticipate a short-term stabilization.","Times of India","https://timesofindia.indiatimes.com/business/international-business/saudi-crude-imports-narrow-gap-with-russia-set-to-become-biggest-supplier/articleshow/128624345.cms"
"Namo Bharat at 160 kmph, Meerut Metro at 120 kmph: High-speed infra push for commuters Prime Minister Modi will inaugurate the Meerut Metro and Namo Bharat train, flagging off India's first Regional Rapid Transit System. He will also ride the train and dedicate development projects worth Rs 12,930 crore. This integrated system connects Delhi with Meerut, promising faster intercity travel and transforming regional transit.","Times of India","https://timesofindia.indiatimes.com/city/delhi/namo-bharat-at-160-kmph-meerut-metro-at-120-kmph-high-speed-infra-push-for-commuters/articleshow/128634512.cms"
"Who is Neal Katyal? Indian-American lawyer at center of Trump's biggest legal setback Neal Katyal, son of Indian immigrants, led the legal team that successfully challenged President Trump's global tariffs. The Supreme Court's 6-3 ruling affirmed that only Congress, not the President, holds the power to tax Americans, marking a significant victory for constitutional limits on executive authority.","Times of India","https://timesofindia.indiatimes.com/world/us/who-is-neal-katyal-indian-american-lawyer-at-center-of-trumps-biggest-legal-setback/articleshow/128634931.cms"
"Home-and-away or away-and-away? IPL franchise's bizarre training stops IPL franchises’ pre-season camps are scattered across India, even overseas and it underscores a worrying drift from the idea of “home.” By training and sometimes playing matches far from their base cities, teams dilute fan connection, culture, and home advantage. If cities remain interchangeable pit stops, the Indian Premier League risks becoming a travelling show with no real roots.","Times of India","https://timesofindia.indiatimes.com/sports/cricket/ipl/home-and-away-or-away-and-away-ipl-franchises-bizarre-training-stops/articleshow/128633533.cms"
"Gurgaon horror: 19-year-old confined, assaulted, raped by live-in partner A 19-year-old student was allegedly confined, assaulted, and raped by her live-in partner in Gurgaon after a dispute. The victim sustained burns and was hospitalized. Police arrested the accused, also 19, from Delhi. The incident reportedly stemmed from arguments over her activities, with families aware of the relationship and discussing marriage.","Times of India","https://timesofindia.indiatimes.com/city/gurgaon/gurgaon-horror-19-year-old-confined-assaulted-raped-by-live-in-partner-admitted-in-aiims-with-burns/articleshow/128632206.cms"
"How much tariff will India pay after US SC ruling? What White House said India will now face a 10% tariff on imports to the US, as President Trump signed an executive order imposing this global rate. This move follows a US Supreme Court ruling that declared his previous tariffs illegal. Trump stated that this new tariff structure is a reversal, with India now paying tariffs to the US.","Times of India","https://timesofindia.indiatimes.com/business/india-business/how-much-tariff-will-india-pay-after-us-sc-ruling-trumps-10-global-duty-what-white-house-said/articleshow/128632784.cms"
"'Pushed me off a moving train': How Arunima Sinha became 1st woman amputee to climb Mt Everest Arunima Sinha, a national volleyball player, defied unimaginable odds after a brutal train incident led to her leg's amputation. Despite physical and emotional trauma, she resolved to conquer Mount Everest. Her relentless training and unwavering spirit culminated in her becoming the first Indian female amputee to summit the world's highest peak, inspiring millions with her resilience.","Times of India","https://timesofindia.indiatimes.com/life-style/people/they-pushed-me-off-a-moving-train-but-they-couldnt-push-me-out-of-my-destiny-arunima-sinha-the-first-woman-amputee-to-climb-mount-everest/articleshow/128635184.cms"
"Ranveer Singh extortion threat: Mumbai crime branch issues lookout circular against Harry Boxer In a shocking development, Bollywood star Ranveer Singh has found himself at the center of an extortion case, allegedly targeted by Harry Boxer of the notorious Bishnoi gang. A threatening voice note from a US number has prompted the Mumbai Police to issue a Look Out Circular for Boxer, intensifying their investigation into a staggering Rs 20 crore ransom demand.","Times of India","https://timesofindia.indiatimes.com/entertainment/hindi/bollywood/news/ranveer-singh-extortion-threat-mumbai-police-crime-branch-issues-lookout-circular-loc-against-bishnoi-gangs-harry-boxer/articleshow/128634586.cms"
"Trump offers Khamenei 'token' deal as US continues major military buildup in Middle East The US is significantly increasing its military presence in the Middle East with two aircraft carrier strike groups deployed amid rising tensions with Iran. President Trump is reportedly considering a narrow nuclear deal while Pentagon officials explore options ranging from diplomacy to targeting Iranian leadership. This buildup includes the USS Gerald R.","Times of India","https://timesofindia.indiatimes.com/world/us/trump-offers-khamenei-token-deal-as-us-continues-major-military-buildup-in-middle-east/articleshow/128633437.cms"
"'Aap chor raastey se aaye ho': Shadab Khan under fire for 'Pakistan beat India' comment Ahmed Shehzad has fiercely criticised Shadab Khan for his remarks towards former Pakistan players after the T20 World Cup loss to India. Shehzad questioned Shadab's selection, citing a lack of domestic performance and alleged favoritism, while also defending the legacy of past generations.","Times of India","https://timesofindia.indiatimes.com/sports/cricket/icc-mens-t20-world-cup/aap-chor-raastey-se-aaye-ho-shadab-khan-under-fire-for-pakistan-beat-india-comment/articleshow/128633057.cms"
"Why US Supreme Court struck down Donald Trump's trade tariffs; explained in 10 points The Supreme Court ruled that President Trump lacked the authority under the International Emergency Economic Powers Act (IEEPA) to impose broad tariffs. The 6-3 decision found the law does not explicitly grant power for tariffs, a move Trump had used extensively. This ruling could lead to significant refunds and ongoing disputes over presidential tariff powers.","Times of India","https://timesofindia.indiatimes.com/business/international-business/why-us-supreme-court-struck-down-donald-trumps-trade-tariffs-explained-in-10-points/articleshow/128630959.cms"
"Rashmika Mandanna and Vijay Deverakonda to do Ad shoot before their Udaipur wedding Celebrated actors Rashmika Mandanna and Vijay Deverakonda are reportedly set to marry this month in Udaipur. Ahead of their nuptials, the popular pair will collaborate on a new ad, following their previous successful soap commercial. The couple is prioritizing a highly private wedding ceremony with stringent security measures, with a grand reception planned for March 4th in Hyderabad.","Times of India","https://timesofindia.indiatimes.com/entertainment/telugu/movies/news/rashmika-mandanna-and-vijay-deverakonda-to-do-ad-shoot-before-their-private-udaipur-wedding-report/articleshow/128633642.cms"
"PAK vs NZ Super 8s weather forecast: What happens if rain washes out Colombo clash? Pakistan and New Zealand clash in a pivotal T20 World Cup Super 8 match at Colombo. With a near-even head-to-head record, this encounter promises high drama. Both teams have shown inconsistent form, making this fixture crucial for semi-final aspirations. Rain threatens to disrupt the contest, with no reserve day available.","Times of India","https://timesofindia.indiatimes.com/sports/cricket/icc-mens-t20-world-cup/pak-vs-nz-super-8s-weather-forecast-what-happens-if-rain-washes-out-colombo-clash/articleshow/128631671.cms"
"What a ‘good’ cholesterol test can still miss about your health: Doctor explains Doctors caution that a seemingly 'normal' cholesterol report can be misleading. It's not just about the cholesterol levels; factors such as inflammation, LDL particle size, and triglycerides can dramatically influence your heart health. Genetics and lifestyle choices, often overlooked, are equally significant. A comprehensive heart health assessment goes far beyond cholesterol numbers alone.","Times of India","https://timesofindia.indiatimes.com/health/what-a-good-cholesterol-test-can-still-miss-about-your-health-doctor-explains/articleshow/128614776.cms"
"BJP Workers Wave Black Flags At Rahul Gandhi After Congress' Shirtless Protests BJP workers, supporters and its youth wing members have come out in large numbers in several locations across the country in protest against the Youth Congress for disrupting the India AI Impact Summit in Delhi.","NDTV","https://www.ndtv.com/india-news/bjp-workers-wave-black-flags-at-rahul-gandhi-day-after-congresss-shirtless-protest-11116707#publisher=newsstand"
"'Presidents Are Powerful But...': Indian-Origin Lawyer On Trump's Tariff Blow At the centre of the landmark US Supreme Court verdict striking down President Donald Trump's sweeping global tariffs is an Indian-origin lawyer who argued before America's highest court about the illegality of the levies.","NDTV","https://www.ndtv.com/world-news/presidents-are-powerful-but-indian-origin-lawyer-neal-katyal-on-donald-trumps-tariff-blow-by-supreme-court-11117050#publisher=newsstand"
"ChatGPT-Maker OpenAI Knew Of Canada Shooter's 'Violent' Activities For Months ChatGPT maker OpenAI said Friday it considered last year alerting Canadian police about the activities of a person who months later committed one of the worst school shootings in the country's history.","NDTV","https://www.ndtv.com/world-news/chatgpt-maker-openai-knew-of-canada-shooters-violent-activities-for-months-11117045#publisher=newsstand"
"BJP MLA Vungzagin Valte, Injured In Manipur Ethnic Clashes, Dies Manipur BJP MLA Vungzagin Valte, who suffered crippling injuries in an attack by protesters in the state capital Imphal in May 2023 when Meitei-Kuki ethnic clashes began, died today at a hospital in Haryana's Gurugram.","NDTV","https://www.ndtv.com/india-news/bjp-mla-vungzagin-valte-from-zomi-tribe-injured-in-manipur-may-2023-ethnic-clashes-dies-11113451#publisher=newsstand"
"How An E-mail Glitch Exposed A $90 Billion Russian Oil Smuggling Ring Investigators discovered that 48 companies, which appeared to be independent, were actually connected and linked through a single private email server.","NDTV","https://www.ndtv.com/world-news/how-an-e-mail-glitch-exposed-a-90-billion-russian-oil-smuggling-ring-11116591#publisher=newsstand"
"Over 1,000-Year Old Tomb Found In Panama, With ""Human Remains, Gold"" Archaeologists have discovered a tomb more than a thousand years old in Panama containing human remains alongside gold and ceramic artifacts, the lead researcher told AFP on Friday.","NDTV","https://www.ndtv.com/world-news/over-1-000-year-old-tomb-found-in-panama-with-human-remains-gold-11117008#publisher=newsstand"
"Man Shoots Estranged Wife To Death During Fight Amid Divorce In Faridabad A man allegedly shot his estranged wife dead in broad daylight outside her residence here in Faridabad, police said on Saturday.","NDTV","https://www.ndtv.com/india-news/man-shoots-estranged-wife-to-death-during-fight-amid-divorce-in-faridabad-11116933#publisher=newsstand"
"Chargesheet To Be Filed Against Mehul Choksi's Son, ""Fugitive"" Tag Likely In a significant development in the nearly $2 billion Punjab National Bank (PNB) fraud case, the Enforcement Directorate (ED) is preparing to file a prosecution complaint against Rohan Choksi, son of fugitive diamond trader Mehul Choksi.","NDTV","https://www.ndtv.com/india-news/pnb-scam-chargesheet-to-be-filed-against-mehul-choksis-son-rohan-choksi-fugitive-tag-likely-11117001#publisher=newsstand"
"NASA Mission To Send Humans Back To Moon Scheduled In March NASA on Friday set March 6 as the earliest possible launch date for Artemis 2, the first crewed flyby mission to the Moon in more than 50 years.","NDTV","https://www.ndtv.com/world-news/nasa-mission-to-send-humans-back-to-moon-scheduled-in-march-11116986#publisher=newsstand"
"Rahul Gandhi Appears In Maharashtra Court In RSS Defamation Case Congress leader Rahul Gandhi on Saturday appeared before the Bhiwandi magistrate's court to furnish a fresh surety in a 2014 defamation case filed by an RSS activist, naming the party's Maharashtra chief Harshwardhan Sapkal as his new guarantor.","NDTV","https://www.ndtv.com/india-news/rahul-gandhi-appears-in-maharashtra-bhiwandi-court-in-rss-defamation-case-files-fresh-bail-bond-harshwardhan-sapkal-new-guarantor-11116855#publisher=newsstand"
"Trump Collected $133 Billion From Tariffs. Who Gets That Money Now? The US Supreme Court had dealt a big blow to President Donald Trump's administration by scrapping his sweeping emergency tariffs -- a move that could potentially redirect the course of the administration's economic and foreign policy agenda.","NDTV","https://www.ndtv.com/world-news/trump-tariff-news-trump-collected-over-130-billion-from-tariffs-who-gets-that-money-now-11116834#publisher=newsstand"
"Nuh Violence Accused Went To UP For His Wedding, Duped Of Rs 30,000 Cow vigilante Bittu Bajrangi was allegedly duped of Rs 30,000 by a man on the pretext of arranging his marriage, police said on Friday.","NDTV","https://www.ndtv.com/india-news/haryana-nuh-violence-accused-bittu-bajrangi-went-to-up-for-his-wedding-duped-of-rs-30-000-11116888#publisher=newsstand"
"Madras High Court Orders Vigilance Probe Into Cash-For-Jobs Case In a significant development barely two months ahead of the Tamil Nadu Assembly elections, the Madras High Court has directed the State's Directorate of Vigilance and Anti-Corruption (DVAC) to immediately register a case.","NDTV","https://www.ndtv.com/tamil-nadu-news/madras-high-court-orders-vigilance-probe-into-cash-for-jobs-case-11116850#publisher=newsstand"
"Favourite Word To Top Court Setback: A Timeline Of Trump's Tariff Diktat The US Supreme Court's 6-3 ruling handed Trump a stinging loss on an issue crucial to his economic agenda.","NDTV","https://www.ndtv.com/world-news/favourite-word-to-top-court-setback-a-timeline-of-trumps-tariff-diktat-trump-tariffs-us-supreme-court-ruling-11116835#publisher=newsstand"
"Trump Tariffs Live Updates: ""I Have The Best Legal Team,"" Says Lawyer Neal Katyal On Win Against Trump Trump Tariffs Live Updates: The US Supreme Court blocked large parts of Donald Trump's global tariff programme in a 6-3 ruling on Friday.","NDTV","https://www.ndtv.com/world-news/trump-tariffs-live-updates-today-us-supreme-court-rules-against-us-presidents-global-tariffs-11113946#publisher=newsstand"
"Asha Sharma: The Microsoft Gaming's New CEO Who Will Lead Xbox Asha Sharma has nearly 15 years of experience across technology, product, and operations leadership roles.","NDTV","https://www.ndtv.com/world-news/asha-sharma-replaces-phil-spencer-as-microsoft-gaming-ceo-all-about-new-xbox-head-11116432#publisher=newsstand"
"'Tools May Change, Policy Remains': Trump Aide On US Supreme Court Tariff Blow US Trade Representative Jamieson Greer said that the Trump administration will continue to execute the President's trade agenda despite the Supreme Court's ruling limiting the use of emergency tariff powers","NDTV","https://www.ndtv.com/world-news/tools-may-change-policy-remains-donald-trump-aide-us-trade-representative-jamieson-greer-on-us-supreme-court-tariff-blow-11116783#publisher=newsstand"
"Bengaluru To Goa In 13 Hours, New Vande Bharat To Be Announced Soon The proposed Vande Bharat is expected to leave Yesvantpur at 6:05 am and reach Madgaon at 7:15 pm.","NDTV","https://www.ndtv.com/india-news/bengaluru-to-goa-in-13-hours-new-vande-bharat-to-be-announced-soon-11116621#publisher=newsstand"
"US Supreme Court Judges Who Blocked Trump's Tariffs And Those Who Backed Him The US Supreme Court blocked large parts of Donald Trump's global tariff programme in a 6-3 ruling on Friday. The Court found that the US President exceeded his authority under the International Emergency Economic Powers Act (IEEPA)","NDTV","https://www.ndtv.com/world-news/supreme-court-judges-who-blocked-donald-trumps-tariffs-and-those-who-backed-him-11116415#publisher=newsstand"
"What DK Shivakumar Told NDTV On Leadership Change Buzz, Assam Polls Assam, garbage in the Garden City, and chief ministership. These are some of the topics DK Shivakumar mentioned in a frank conversation with NDTV.","NDTV","https://www.ndtv.com/karnataka-news/assam-polls-bengaluru-garbage-row-and-what-about-leadership-dk-shivakumar-speaks-to-ndtv-11116597#publisher=newsstand"
"Trump brings in new 10% tariff as Supreme Court rejects his global import taxes The Supreme Court decision striking down some of Trump's most sweeping tariffs injects new uncertainty into global trade.","BBC News","https://www.bbc.com/news/articles/cn8146l0n55o?at_medium=RSS&at_campaign=rss"
"Government considers removing Andrew from royal line of succession The former Duke of York is eighth in line to the throne meaning he remains eligible to be King.","BBC News","https://www.bbc.com/news/articles/c1kgv837wvdo?at_medium=RSS&at_campaign=rss"
"Andrew and King Charles: A personal battle of royal brothers The problems facing the monarchy over Andrew Mountbatten-Windsor are also a family problem between brothers.","BBC News","https://www.bbc.com/news/articles/czx4y1l1nq4o?at_medium=RSS&at_campaign=rss"
"Killing of nationalist student leaves French far left in deep trouble as elections loom Far-left militants are suspected of being behind Quentin Deranque's death and the party of Jean-Luc Mélenchon is being widely condemned.","BBC News","https://www.bbc.com/news/articles/cnv61zv534eo?at_medium=RSS&at_campaign=rss"
"Why fake AI videos of UK urban decline are taking over social media Deepfakes showing grim taxpayer-funded waterparks have gone viral and drawn some racist responses.","BBC News","https://www.bbc.com/news/articles/c4g8r23yv71o?at_medium=RSS&at_campaign=rss"
"The best looks at London Fashion Week 2026 There are 90 designers showing this year, with organisers hoping it's the biggest fashion week yet.","BBC News","https://www.bbc.com/news/articles/c4g0ke64v3no?at_medium=RSS&at_campaign=rss"
"Met asks Andrew's protection officers what they saw or heard in Epstein inquiry Officers will continue searching Andrew's former Windsor home until Monday, the BBC understands.","BBC News","https://www.bbc.com/news/articles/c05v77mv69vo?at_medium=RSS&at_campaign=rss"
"What happens next for Andrew Mountbatten-Windsor? The former prince was arrested on suspicion of misconduct in public office and taken to a Norfolk police station for questioning on Thursday 19 February.","BBC News","https://www.bbc.com/news/videos/cgmljz14lpro?at_medium=RSS&at_campaign=rss"
"A tip-off and 'more luck than judgement': The story behind Andrew car snap After the former prince's arrest, Reuters photographer Phil Noble began a six-hour drive to Norfolk.","BBC News","https://www.bbc.com/news/articles/c93wl4kp671o?at_medium=RSS&at_campaign=rss"
"How Andrew's 11-hour detention on his birthday played out From being arrested at home to detention in a cell, this is how the former prince's detention unfolded.","BBC News","https://www.bbc.com/news/articles/cz9qy5057e0o?at_medium=RSS&at_campaign=rss"
"'That's me!': Hundreds tell BBC how medication triggered gambling and other addictions More than 250 people contacted us describing impulsive behaviour side effects from prescription drugs.","BBC News","https://www.bbc.com/news/articles/ce948d9gxevo?at_medium=RSS&at_campaign=rss"
"Civilians to soldiers: how four years of war has changed ordinary Ukrainians Six Ukrainian men and women in uniform reveal how Russia's invasion in 2022 has changed them.","BBC News","https://www.bbc.com/news/articles/cddn2e11zm8o?at_medium=RSS&at_campaign=rss"
"Palestinian Authority in dire straits as Israel's hold on West Bank deepens More than 30 years after its creation, there are increasing warnings that the PA is close to collapse.","BBC News","https://www.bbc.com/news/articles/c9wn8lw0kgjo?at_medium=RSS&at_campaign=rss"
"How Co-op Live went from falling air con units to hosting the Brits The opening of the Co-op Live was in every headline, but not quite for the right reasons.","BBC News","https://www.bbc.com/news/articles/cwy67q6pkpwo?at_medium=RSS&at_campaign=rss"
"What parents, students and teachers want to see changed in the government's SEND reform Some government plans for SEND were leaked earlier this week. But what else do families want to change?","BBC News","https://www.bbc.com/news/articles/c2e4rvzw7nlo?at_medium=RSS&at_campaign=rss"
"Four men, one aim - to end 102-year wait for Winter Olympic curling gold All eyes will be on Team GB's Bruce Mouat, Grant Hardie, Hammy McMillan and Bobby Lammie on Saturday (18:05 GMT) when they take on Canada with a gold medal at stake at the Winter Olympics.","BBC News","https://www.bbc.com/sport/articles/ce3gqz1yyyyo?at_medium=RSS&at_campaign=rss"
"Neutral athletes allowed to attend closing ceremony Individual Neutral Athletes will be allowed to attend the closing ceremony of the Milan-Cortina 2026 Winter Olympics, having not been present at the opening event.","BBC News","https://www.bbc.com/sport/articles/c2041rem5j4o?at_medium=RSS&at_campaign=rss"
"GB '25 years' behind world's best in short track Great Britain has fallen 25 years behind the best short track nations in the world amid outdated facilities and rising costs, according to British Ice Skating's head of performance.","BBC News","https://www.bbc.com/sport/articles/czx70wpxkp1o?at_medium=RSS&at_campaign=rss"
"'I'm on right side' - Team GB's Kenworthy on death threats after ICE post Team GB's Gus Kenworthy says he is ""on the right side"" after he received death threats for posting a graphic message about the United States' Immigration and Customs Enforcement organisation.","BBC News","https://www.bbc.com/sport/articles/c07j18rgrpxo?at_medium=RSS&at_campaign=rss"
"GB go for men's curling gold and Atkin in halfpipe final - Saturday's guide What's happening and who to look out for at the 2026 Winter Olympics in Milan-Cortina.","BBC News","https://www.bbc.com/sport/articles/c338y36kngzo?at_medium=RSS&at_campaign=rss"
"Multi-cancer blood test missed key goal in NHS trial The company behind the test said there were positive signs that some of the most aggressive cancers could be prevented.","BBC News","https://www.bbc.com/news/articles/cwyx7580xvyo?at_medium=RSS&at_campaign=rss"
"'Throne Out' and 'Liberation Day levies ruled illegal' Plans to remove Andrew from royal succession and Supreme Court ruling on Trump's tariffs leads Saturday's papers.","BBC News","https://www.bbc.com/news/articles/crk827xgd45o?at_medium=RSS&at_campaign=rss"
"Welcome to Australia's hottest beach event - nowhere near the sea Tonnes of sand and flocks of tourists are ferried into Cootamundra for its annual volleyball tournament.","BBC News","https://www.bbc.com/news/articles/crrx792qk81o?at_medium=RSS&at_campaign=rss"
"Avalanches kill five in Austrian Alps, officials say A man skiing with his son was among the victims on Friday, bringing the region's avalanche death toll this season to at least 21.","BBC News","https://www.bbc.com/news/articles/c5yqgz2q58lo?at_medium=RSS&at_campaign=rss"
"UK puffins in peril as winter storms threaten mass seabird 'wreck' Hundreds of dead and dying seabirds are washing up on British beaches.","BBC News","https://www.bbc.com/news/articles/c043edkn942o?at_medium=RSS&at_campaign=rss"
"Is £70 becoming harder to justify? The rise of cheaper blockbuster games As top games such as GTA 6 are speculated to cost $100 (£74), some developers are deliberately pricing lower.","BBC News","https://www.bbc.com/news/articles/ckg1nwwv1xyo?at_medium=RSS&at_campaign=rss"
"The woman defying norms in Iran - and starring in an Oscar-tipped film In a room of 1,500 men, Sara Shahverdi becomes the only female leader in her region of Iran - a new film joins her as she pushes for change.","BBC News","https://www.bbc.com/news/articles/cn0ewenyg22o?at_medium=RSS&at_campaign=rss"
"I might not get uni Covid compensation - but I'm claiming it out of principle Dozens of universities have received legal letters over what students say they missed out on during Covid.","BBC News","https://www.bbc.com/news/articles/cp81j7n2271o?at_medium=RSS&at_campaign=rss"
"Puberty blockers trial paused over concerns from medicines watchdog The medicines regulator is suggesting the minimum age limit for trial should be raised to 14.","BBC News","https://www.bbc.com/news/articles/cjd9z0p27k5o?at_medium=RSS&at_campaign=rss"
"Trump says he is considering limited military strike on Iran Trump's new threat came a day after he appeared to give Iran about 10 days to agree to a deal to curb its nuclear programme.","BBC News","https://www.bbc.com/news/articles/cdxzk4gvzp0o?at_medium=RSS&at_campaign=rss"
"The animal rescue centre that became a mass graveyard of dogs A senior police officer of 30 years says he has never seen animal cruelty on such a scale.","BBC News","https://www.bbc.com/news/articles/cg5n65l0nv7o?at_medium=RSS&at_campaign=rss"
"Mobile home park residents fear radiation from below Health officials have said they think there is ""suitable justification"" to look again at Tollerton Park.","BBC News","https://www.bbc.com/news/articles/cg5gjzd12v0o?at_medium=RSS&at_campaign=rss"
"UK snow carver comes second in global contest with Olympic sculpture Pippa Unwin says she is delighted to succeed with her ""ridiculously complicated"" design.","BBC News","https://www.bbc.com/news/articles/c204gpj7222o?at_medium=RSS&at_campaign=rss"
"Striking drone footage shows ship abandoned off coast of Wales Jay Curtis was flying his drone when he spotted the Resolute vessel off the coast of Pembrokeshire.","BBC News","https://www.bbc.com/news/articles/cx24n5174r2o?at_medium=RSS&at_campaign=rss"
"Supermarket worker's kindness meant I could feed my newborn baby Emma and Harry Brown say the Asda employee's kindness helped them to feed and clothe their new baby.","BBC News","https://www.bbc.com/news/articles/cp817ezrjz4o?at_medium=RSS&at_campaign=rss"
"Penguins delight residents in care home visit Residents were able to hold and stroke the two Humboldt penguins during the visit.","BBC News","https://www.bbc.com/news/articles/cvg31kv2435o?at_medium=RSS&at_campaign=rss"
"BBC News app Top stories, breaking news, live reporting, and follow news topics that match your interests","BBC News","https://www.bbc.co.uk/news/10628994?at_medium=RSS&at_campaign=rss"
"Who is Tucker Carlson and what does he tell us about the future of MAGA? And what does MAGA look like post-Trump?","BBC News","https://www.bbc.co.uk/sounds/play/w3ct8bz5?at_medium=RSS&at_campaign=rss"
"A star-filled, jaw-dropping black comedy An Oxford University student is drawn into the world of a charming aristocratic classmate.","BBC News","https://www.bbc.co.uk/iplayer/episode/m002f1vy?at_mid=5dhF4rgAGg&at_campaign=Saltburn&at_medium=display_ad&at_campaign_type=owned&at_nation=NET&at_audience_id=SS&at_product=iplayer&at_brand=m002f1vy&at_ptr_name=bbc&at_ptr_type=media&at_format=image&at_objective=consumption&at_link_title=Saltburn&at_bbc_team=BBC"
"Bond, bagpipes & controversial Canadians - why curling is must-watch Curling might seem a strange choice for prime-time Saturday night viewing, but at 18:05 GMT - live on the BBC - millions will find themselves tuning in to see if Team GB can add a fourth gold medal of these Winter Olympics.","BBC News","https://www.bbc.com/sport/articles/clyxg9gzj8lo?at_medium=RSS&at_campaign=rss"
"'Wonderfully different' Pollock ready to fire up England ""Wonderfully different"" Henry Pollock will start his first England Test in Saturday's must-win Six Nations game against Ireland.","BBC News","https://www.bbc.com/sport/rugby-union/articles/cvg3n77dvkqo?at_medium=RSS&at_campaign=rss"
"'A shame' if Pakistan players excluded from Hundred, says Brook England skipper Harry Brook says it would be ""a shame"" if Pakistan players were excluded from playing in The Hundred, and confirms he will not captain Sunrisers Leeds this year.","BBC News","https://www.bbc.com/sport/cricket/articles/c4gj78g2048o?at_medium=RSS&at_campaign=rss"
"What's eating Arsenal? North London derby now a test of Gunners' 'bottle' What's eating Arsenal? Sunday's North London derby is now a test of the Gunners' ""bottle"", says chief football writer Phil McNulty.","BBC News","https://www.bbc.com/sport/football/articles/cjwzqn3e193o?at_medium=RSS&at_campaign=rss"
"The Uber-driving English champion & his 30-year fight for a passport English light-middleweight champion Bilal Fawaz challenges for the British title belt on Saturday, but is still fighting for a British passport.","BBC News","https://www.bbc.com/sport/boxing/articles/c15xv4972v4o?at_medium=RSS&at_campaign=rss"
"'Stay humble' - Glasner reacts to fan backlash as future in doubt Sources tell BBC Sport that Crystal Palace's board is considering Oliver Glasner's future at the club.","BBC News","https://www.bbc.com/sport/football/articles/cdjm99g32exo?at_medium=RSS&at_campaign=rss"
"Surgical instrument in Kerala woman’s abdomen removed The surgery was led by Dr. O.V. Sudheer, Head of Gastrosurgery Department at Amrita Hospital; Dr. K.V. Sanjeevan, Head of Urology Department; and Dr. Radhamani. K, Head of Gynecology Department","The Hindu","https://www.thehindu.com/news/national/kerala/surgical-instrument-in-kerala-womans-abdomen-removed/article70659527.ece"
"Special drive to curb narcotics: 253 buses checked on Tumakuru Road in Bengaluru Police teams focused on preventing the illegal transportation of narcotic drugs, and other suspicious materials into the city","The Hindu","https://www.thehindu.com/news/national/karnataka/special-drive-to-curb-narcotics-253-buses-checked-on-tumakuru-road-in-bengaluru/article70659336.ece"
"GCDA rent dispute forces Blasters to shift pre-match press meet online The denial was the latest episode of the prevailing uncertainty over the stadium rent payable by KBFC to the Greater Cochin Development Authority (GCDA), which owns the stadium","The Hindu","https://www.thehindu.com/sport/football/gcda-rent-dispute-forces-blasters-to-shift-pre-match-press-meet-online/article70659370.ece"
"Bangladesh moving towards restoring visa for Indian nationals: Diplomatic sources Bangladesh had halted issuing of visas in December 2025 when Indian missions faced protest and several incidents of stone pelting targeting Indian missions and visa centres were reported","The Hindu","https://www.thehindu.com/news/international/bangladesh-moving-towards-restoring-visa-for-indian-nationals-diplomatic-sources/article70659473.ece"
"Two DMK functionaries stabbed by party worker in Dindigul Veera Saminathan, who is the party’s Vedasandur South union secretary, and his supporter Nachimuthu were stabbed; accused Manikandan apprehended","The Hindu","https://www.thehindu.com/news/national/tamil-nadu/two-dmk-functionaries-stabbed-by-party-worker-in-dindigul/article70659233.ece"
"CPI(M) State Secretariat terms Congress protests against Health Minister Veena George unwarranted, accuses Opposition of attempting to instigate riots The Congress have been staging protests against the backdrop of the incident where an artery forceps was found in the abdomen of a woman who had undergone surgery at the Government Medical College Hospital, Alappuzha, in 2021","The Hindu","https://www.thehindu.com/news/national/kerala/cpim-state-secretariat-terms-congress-protests-against-health-minister-veena-george-unwarranted-accuses-opposition-of-attempting-to-instigate-riots/article70659349.ece"
"Maoism to be eliminated from India by March 31: Home Minister Amit Shah Union Home Minister said CRPF played an important role in Jammu and Kashmir, where the number of stone-pelting incidents has dropped to zero, besides being deployed to handle ethnic violence in Manipur and breaking the back of Maoists in only three years","The Hindu","https://www.thehindu.com/news/national/maoism-to-be-eliminated-from-india-by-march-31-home-minister-amit-shah/article70659465.ece"
"T.N. CM Stalin inaugurates Pinnacle Infotech’s global engineering hub in Madurai On the occasion, the Chief Minister also laid the foundation stone for a housing project designed to provide accommodation for about 1,200 employees","The Hindu","https://www.thehindu.com/news/national/tamil-nadu/tn-cm-stalin-inaugurates-pinnacle-infotechs-global-engineering-hub-in-madurai/article70659182.ece"
"All languages equally worthy of respect: Mamata on International Mother Language Day ""On this sacred day, we reaffirm our pledge that if any language comes under attack, we will all stand united against it. All languages deserve equal respect,"" she said","The Hindu","https://www.thehindu.com/news/national/all-languages-equally-worthy-of-respect-mamata-on-international-mother-language-day/article70659422.ece"
"Tamil will forever remain my breath, says Kamal Haasan He extended greetings to Tamils on the occasion of International Mother Language Day","The Hindu","https://www.thehindu.com/news/national/tamil-nadu/tamil-will-forever-remain-my-breath-says-kamal-haasan/article70659298.ece"
"KSPCA member urges Karnataka CM to announce 13th KSRP battalion for Raichur in 2026–27 budget Currently, the 6th KSRP Battalion stationed in Kalaburagi and the IRB unit at Munirabad are located approximately 180 kilometers away from Raichur, and would require nearly four-and-a-half hours of travel time while responding to an emergency","The Hindu","https://www.thehindu.com/news/national/karnataka/kspca-member-urges-karnataka-cm-to-announce-13th-ksrp-battalion-for-raichur-in-202627-budget/article70659283.ece"
"NCP-SP MLA Rohit Pawar writes to PM Modi seeking ouster of Civil Aviation Minister Rohit Pawar alleged that Ajit Pawar's death in a plane crash at Baramati last month was caused as part of a conspiracy involving the air charter company VSR","The Hindu","https://www.thehindu.com/news/national/ncp-sp-mla-rohit-pawar-writes-to-pm-modi-seeking-ouster-of-civil-aviation-minister/article70659408.ece"
"MGP demands reconstitution of Tree Authority to curb tree-felling in Mysuru During the meeting, MGP members briefed the Deputy Conservator of Forests about the progress of their ongoing tree survey project, which aims to assess tree loss on a ward-wise basis","The Hindu","https://www.thehindu.com/news/national/karnataka/mgp-demands-reconstitution-of-tree-authority-to-curb-tree-felling-in-mysuru/article70659199.ece"
"450-bed high-tech hospital to come up on RGUHS campus in Ramanagara Officials instructed to prepare a Detailed Project Report for construction of a high-tech hospital during the second phase of work at the new RGUHS campus: Sharan Prakash Patil","The Hindu","https://www.thehindu.com/news/national/karnataka/450-bed-high-tech-hospital-to-come-up-on-rguhs-campus-in-ramanagara/article70659157.ece"
"Monks criticise Sri Lankan Govt over ‘organised campaign to sully Buddhism’ The monks claimed that “organised social media campaigns are being run by vested interests and the government needs to pay attention to it”","The Hindu","https://www.thehindu.com/news/international/monks-criticise-sri-lankan-govt-over-organised-campaign-to-sully-buddhism/article70659361.ece"
"BCYP to organise BC ‘Simha Garjana’ rally seeking 44% reservation, caste census in Andhra The participating leaders will also press for 44% reservation to the BC communities in education, employment, local bodies, and legislative bodies","The Hindu","https://www.thehindu.com/news/national/andhra-pradesh/bcyp-to-organise-bc-simha-garjana-rally-seeking-44-reservation-caste-census-in-andhra/article70659098.ece"
"Shirtless protest: Court sends arrested Youth Congress workers to five-day police custody The arrested protesters were Krishna Hari, national secretary of Youth Congress from Bihar; Kundan Yadav, IYC state secretary, Bihar; Ajay Kumar, IYC state president, Uttar Pradesh; and Narasimha Yadav from Telangana","The Hindu","https://www.thehindu.com/news/national/iyc-workers-arrest-delhi-court-delhi-police-ai-summit-shirtless-protest/article70659356.ece"
"Election shock in Rajasthan: Hundreds seek voter name deletions without consent Hundreds of Form 7 applications seeking deletion of voter names surface mysteriously in Rajasthan’s Chohtan Assembly constituency.","The Hindu","https://www.thehindu.com/videos/election-shock-in-rajasthan-hundred-seek-voter-name-deletions-without-consent/article70659342.ece"
"Youth Congress protest at AI Summit tarnished India’s image: Pramod Sawant The Goa Chief Minister said the actions of the Youth Congress at the AI Summit amount to ‘political recklessness’ and tarnish the country's image","The Hindu","https://www.thehindu.com/news/national/goa/goa-chief-minister-pramod-sawant-ai-summit-congress-shirtless-protest/article70659250.ece"
"CFTRI-Mysuru workshop participants discuss how to reduce salt in Indian cuisine to counter rise in hypertension and diabetes With rising non-communicable diseases, such as hypertension and diabetes, national priorities for 2025–26, supported by the Food Safety and Standards Authority of India (FSSAI), emphasizes gradual salt and sugar reduction, front-of-pack labelling, and industry-led reformulation","The Hindu","https://www.thehindu.com/news/national/karnataka/cftri-mysuru-workshop-participants-discuss-how-to-reduce-salt-in-indian-cuisine-to-counter-rise-in-hypertension-and-diabetes/article70659124.ece"
"Cordon-and-search operation in Ahobilam; more than 280 liquor bottles seized Nearly 50 police officers and personnel under the supervision of Allagadda Deputy Superintendent of Police K. Pramod conducted the operation","The Hindu","https://www.thehindu.com/news/national/andhra-pradesh/cordon-and-search-operation-in-ahobilam-more-than-280-liquor-bottles-seized/article70659048.ece"
"ED summons Tantri and Vasu in Sabarimala gold theft case ED has been issuing notices to people in the list of accused drawn up by the SIT and beyond","The Hindu","https://www.thehindu.com/news/national/kerala/ed-summons-tantri-and-vasu-in-sabarimala-gold-theft-case/article70659237.ece"
"Man kills sister over inter-faith relationship in Uttar Pradesh; father justifies act After the crime was reported from the Matawali Patti area within the Asmoli police station limits, the man himself informed the police and confessed to killing his sister; he has been taken into custody, police said","The Hindu","https://www.thehindu.com/news/national/uttar-pradesh/man-kills-sister-over-inter-faith-relationship-in-uttar-pradesh-father-justifies-act/article70659239.ece"
"It would be ‘fine’ if Israel took over entire West Asia region, says U.S. Envoy Mike Huckabee The U.S. Ambassador appeared to walk back on the remark after a discussion on Israel’s “biblical rights” to the land and interpretations of the Old Testament","The Hindu","https://www.thehindu.com/news/international/us-ambassador-mike-huckabee-israel-west-asia-biblical-historical-rights/article70659207.ece"
"Karnataka signs LoI with European innovation event platform VivaTech Under the pact, the two sides will work together on startup and delegation exchange, collaboration across priority areas such as AI, ClimateTech, DeepTech, gaming, semiconductors and other emerging technologies, ecosystem promotion and branding","The Hindu","https://www.thehindu.com/news/national/karnataka/karnataka-signs-loi-with-european-innovation-event-platform-vivatech/article70652742.ece"
"If AI can replace people en masse, then we have reached a very dangerous tipping point: Bhutan PM Tobgay Bhutanese PM pitches for technological hub in Gelephu, hydropower cooperation with India for AI development","The Hindu","https://www.thehindu.com/news/international/interview-with-bhutan-prime-minister-tshering-tobgay/article70659097.ece"
"BJP holds demonstration outside Congress office against ‘shirtless’ protest at AI summit The BJP protesters, carrying placards and raising slogans, slammed the Congress and its leader, Rahul Gandhi, calling them ""traitors"" for allegedly tarnishing the nation's image","The Hindu","https://www.thehindu.com/news/national/bjp-holds-demonstration-outside-congress-office-against-shirtless-protest-at-ai-summit/article70659212.ece"
"KH x RK Reunion: Kamal Haasan-Rajinikanth join hands for Nelson’s film; shoot begins soon The film has music by Anirudh Ravichander and is produced under the Red Giant Movies banner","The Hindu","https://www.thehindu.com/entertainment/movies/rajinikanth-kamal-haasan-nelson-red-giant-movies-anirudh-ravichandran-rhxkh/article70654890.ece"
"U.S. tariffs ruling could have far-reaching impact, offers hope for pleas against H1B visa fees The U.S. Supreme Court judgment that dealt with the tariffs imposed by exercising President Donald Trump’s emergency powers strikes at the very root of his unilateral decision","The Hindu","https://www.thehindu.com/news/international/us-supreme-court-tariffs-ruling-trump-presidential-powers/article70659155.ece"
"BJP workers show black flags to Rahul Gandhi in Mumbai over Youth Congress AI summit protest A group of BJP supporters staged a protest at Mulund toll naka and raised slogans against the Congress leader, for consistently opposes the initiatives of Prime Minister Narendra Modi","The Hindu","https://www.thehindu.com/news/national/maharashtra/rahul-gandhi-black-flag-bjp-workers-mumbai-maharashtra-ai-summit-protest/article70659120.ece"
"IMD predicts light rainfall in few Telangana districts from February 22 to 24, warmer days and nights ahead","The Hindu","https://www.thehindu.com/news/national/telangana/imd-predicts-light-rainfall-in-few-telangana-districts-from-february-22-to-24-warmer-days-and-nights-ahead/article70659084.ece"
"India, Brazil set bilateral trade target of over $20 billion in five years PM Modi said the relations between India and Brazil have long benefitted from President Lula’s visionary outlook and inspiring leadership; he also noted that Brazil is India’s largest trade partner in Latin America.","The Hindu","https://www.thehindu.com/news/national/pm-modi-meets-brazil-president-luiz-inacio-lula-da-silva-february-21-2026/article70659138.ece"
"More than 2.5 lakh Uttar Pradesh farmers receive ₹285 crore compensation: Yogi Adityanath The Chief Minister of Uttar Pradesh said farmers who insure their crops are entitled to financial aid in case of losses caused by disasters","The Hindu","https://www.thehindu.com/news/national/uttar-pradesh/uttar-pradesh-farmers-receive-compensation-says-yogi-adityanath/article70659147.ece"
"Reciprocal tariffs are gone, but several other U.S. tariffs are still hitting Indian exporters The U.S. has over the last year imposed other tariffs, such as on steel, aluminium, and on items below $800 in value that will continue to hit both large and small Indian exporters.","The Hindu","https://www.thehindu.com/business/reciprocal-tariffs-are-gone-but-several-other-us-tariffs-are-still-hitting-indian-exporters/article70659108.ece"
"Indian-origin lawyer Neal Katyal at centre of landmark U.S. Supreme Court verdict against Trump tariffs He was born in Chicago to a paediatrician mother and engineer father, both of whom immigrated from India","The Hindu","https://www.thehindu.com/news/international/indian-origin-lawyer-neal-katyal-at-centre-of-landmark-us-supreme-court-verdict-against-trump-tariffs/article70659103.ece"
"Faculty member assaulted by student during exam at homoeopathic medical college in Kalaburagi According to college authorities, the student was found allegedly using a mobile phone inside the examination hall, in violation of institutional rules","The Hindu","https://www.thehindu.com/news/national/karnataka/faculty-member-assaulted-by-student-during-exam-at-homoeopathic-medical-college-in-kalaburagi/article70658817.ece"
"Navi Mumbai airport launches DigiYatra facility Navi Mumbai International Airport digitally joined the Civil Aviation Ministry's nationwide DigiYatra rollout alongside five other airports across the country, the private airport operator said in a statement","The Hindu","https://www.thehindu.com/news/cities/mumbai/navi-mumbai-airport-launches-digiyatra-facility/article70659094.ece"
"The Hindu Group’s coffee-table book on T.N. Assembly launched CM Stalin received the first copy of the book from Speaker Appavu","The Hindu","https://www.thehindu.com/news/national/tamil-nadu/the-hindu-groups-coffee-table-book-on-tn-assembly-launched/article70656475.ece"
"T.N. remains distinct because of policies rooted in social justice: Thangam Thennarasu The DMK government has ensured the welfare of women, tribal communities, transgender persons, and persons with disabilities, he said","The Hindu","https://www.thehindu.com/news/national/tamil-nadu/tn-remains-distinct-because-of-policies-rooted-in-social-justice-thangam-thennarasu/article70656357.ece"
"Nitish Kumar government announces measures for safety of pedestrians in Bihar The Chief Minister, in an X post, said, ""The State Government has taken several important decisions for the dignity (of pedestrians) and convenience of citizens walking on the roads”","The Hindu","https://www.thehindu.com/news/national/bihar/nitish-kumar-government-announces-measures-for-safety-of-pedestrians-in-bihar/article70659063.ece"
"Five years of DMK rule translated Dravidian ideology into practical governance: Speaker Appavu Speaking during the final sitting of the Assembly, Mr. Appavu contended that the government had put into practice the principles advocated by Periyar E.V. Ramasamy and former Chief Ministers C.N. Annadurai and M. Karunanidhi.","The Hindu","https://www.thehindu.com/news/national/tamil-nadu/five-years-of-dmk-rule-translated-dravidian-ideology-into-practical-governance-speaker-appavu/article70656721.ece"
"US judge upholds $243 million verdict against Tesla over fatal Autopilot crash Elon Musk, the world’s richest person, has long touted Tesla as a leader in autonomous driving ​for private vehicles and robotaxis","The Hindu","https://www.thehindu.com/sci-tech/technology/us-judge-upholds-243-million-verdict-against-tesla-over-fatal-autopilot-crash/article70658799.ece"
"T.N. CM Stalin extends International Mother Language Day greetings “However many glorious titles we may use to praise it, the joy we feel when we call our language ‘Thamizhae’ [Oh! Tamil] is immeasurable,” Mr. Stalin said in a post on X.","The Hindu","https://www.thehindu.com/news/national/tamil-nadu/tn-cm-stalin-extends-international-mother-language-day-greetings/article70658903.ece"
"Over 800 farmers to be trained as best vegetable cultivation volunteers to solve shortage in Telangana","The Hindu","https://www.thehindu.com/news/national/telangana/over-800-farmers-to-be-trained-as-best-vegetable-cultivation-volunteers-to-solve-shortage-in-telangana/article70656164.ece"
"Trump warns he is considering limited strikes as Iranian diplomat says proposed deal is imminent In response to a reporter's question on whether the U.S. could take limited military action as the countries negotiate, Mr. Trump said, “I guess I can say I am considering that.”","The Hindu","https://www.thehindu.com/news/international/trump-warns-he-is-considering-limited-strikes-as-iranian-diplomat-says-proposed-deal-is-imminent/article70659037.ece"
"Militant arrested in Manipur's Imphal West “Among the recovered items were a .303 rifle with a magazine, a .22 rifle, a 9 mm submachine gun, hand grenades, an MK-1 grenade, and 57 bullets of different calibres,” police said","The Hindu","https://www.thehindu.com/news/national/manipur/militant-arrested-in-manipurs-imphal-west/article70659028.ece"
"India now faces lower tariff rate of 10% with Trump’s proclamation on new levies after U.S. Supreme Court verdict Indian goods being imported into the U.S. would no longer be subject to the 18% tariff rate that had been decided on following the announcement of a framework for interim India-U.S. trade deal","The Hindu","https://www.thehindu.com/news/national/india-tariff-rate-lower-10-percent-trump-proclamation-sc-verdict-import-surcharge-february-24/article70659041.ece"
"Tamil Nadu Assembly election | DMK forms committee for seat-sharing talks In a press release, general secretary Duraimurugan said former Union Minister and party treasurer T.R. Baalu would head the committee","The Hindu","https://www.thehindu.com/news/national/tamil-nadu/tamil-nadu-assembly-election-dmk-forms-committee-for-seat-sharing-talks/article70659059.ece"
"Youth Congress workers trespass on Health Minister Veena George’s official residence, lay funeral wreath to protest “increasing medical negligence” The trespass on Ms George’s residence was the latest incident in the escalating Congress and Bharatiya Janata Party (BJP) campaign against the Left Democratic Front (LDF) following the startling discovery of an artery forceps in the abdomen of a woman who underwent surgery at the Government Medical College Hospital, Alappuzha, in 2021.","The Hindu","https://www.thehindu.com/news/national/kerala/youth-congress-workers-trespass-on-health-minister-veena-georges-official-residence-lay-funeral-wreath-to-protest-increasing-medical-negligence/article70658981.ece"
"Air quality 'moderate' in Delhi; minimum temperature at 14.2 degrees The Weather Department has predicted mainly clear sky during the day with maximum temperature expected to reach around 28.4 degrees Celsius","The Hindu","https://www.thehindu.com/news/cities/Delhi/air-quality-moderate-in-delhi-minimum-temperature-at-142-degrees/article70658964.ece"
"RSS defamation case: Rahul Gandhi appears in Bhiwandi court, names Sapkal as new guarantor BJP workers show black flags to Rahul Gandhi in Mumbai; they call it response to Youth Congress protest at AI Summit","The Hindu","https://www.thehindu.com/news/national/maharashtra/rss-defamation-case-rahul-gandhi-bhiwandi-court-appearance-on-february-21-2026/article70658971.ece"
"'Alpha male' AI world shuts out women, says computing professor Wendy Hall A 2024 UNESCO study found that large language models described women in domestic roles more often than men, who were more likely to be linked to words like ""salary"" and ""career""","The Hindu","https://www.thehindu.com/sci-tech/technology/alpha-male-ai-world-shuts-out-women-says-computing-professor-wendy-hall/article70658806.ece"
"Democrats demand refunds after U.S. Supreme Court tosses Trump tariffs U.S. Governor Pritzker urged the White House to ""cut the check"" after justices ruled 6-3 that Donald Trump had exceeded his authority by invoking emergency powers to impose tariffs that reshaped global trade","The Hindu","https://www.thehindu.com/news/international/democrats-demand-refunds-after-us-supreme-court-tosses-trump-tariffs/article70658933.ece"
"Rebel rise continues in Maharashtra as Congress-backed mayor elected in Bhiwandi BJP State president Ravindra Chavan warned of strict disciplinary action against its rebel corporators","The Hindu","https://www.thehindu.com/news/cities/mumbai/rebel-rise-continues-in-maharashtra-as-congress-backed-mayor-elected-in-bhiwandi/article70656834.ece"
"YOU.FO: the new sport in town After ultimate frisbee and pickleball, here’s a new leisure sport YOU.FO that promises to take Chennai on a global platform","The Hindu","https://www.thehindu.com/news/cities/chennai/youfo-the-new-sport-in-town/article70658937.ece"
"NASA report recalls dysfunction, heated emotions during Boeing’s botched Starliner flight Starliner’s technical failures kept NASA ‌astronauts Butch ⁠Wilmore and Suni Williams on the ISS for nine months in a high-stakes test mission ⁠initially planned to last roughly a week","The Hindu","https://www.thehindu.com/sci-tech/science/nasa-report-recalls-dysfunction-heated-emotions-during-boeings-botched-starliner-flight/article70658930.ece"
"Twenty Point Programme chief cautions against populist schemes and freebies The Chairman, accompanied by BJP district president Samanchi Srinivas and General Secretary Kadiri Naresh, received petitions from the public on civic and administrative issues","The Hindu","https://www.thehindu.com/news/national/andhra-pradesh/twenty-point-programme-chief-cautions-against-populist-schemes-and-freebies/article70656411.ece"
"Businessman held for using fake number plate, 12 challans wrongly issued to another vehicle owner The accused, Arif Khan, a resident of Ahmed Nagar in Masab Tank, was apprehended by Langar Houz police following inputs from the Hyderabad Traffic Police","The Hindu","https://www.thehindu.com/news/national/telangana/businessman-held-for-using-fake-number-plate-12-challans-wrongly-issued-to-another-vehicle-owner/article70657221.ece"
"India-U.S. trade deal has become an ‘ordeal’, Congress claims; Rahul Gandhi says ‘PM compromised’ Congress says India-U.S. interim trade deal is an “ordeal” the country is being subjected to by Prime Minister Narendra Modi's “desperation and surrender”","The Hindu","https://www.thehindu.com/news/national/congress-reaction-on-india-us-trade-deal-us-supreme-court-donald-trump-pm-modi/article70658896.ece"
"ChatGPT-maker OpenAI considered alerting Canadian police about school shooting suspect months ago OpenAI said last June the company identified the account of Jesse Van Rootselaar via abuse detection efforts","The Hindu","https://www.thehindu.com/sci-tech/technology/chatgpt-maker-openai-considered-alerting-canadian-police-about-school-shooting-suspect-months-ago/article70658790.ece"
"Donald Trump to remove Vietnam from restricted technology list: Hanoi The two leaders met in person for the first time at the White House, after Mr. Lam attended the inaugural meeting of Mr. Trump’s “Board of Peace”","The Hindu","https://www.thehindu.com/news/international/donald-trump-to-remove-vietnam-from-restricted-technology-list-hanoi/article70658868.ece"
"Metro 4 incident: Story of negligence, government apathy, dubious consultancy, and safety concerns These accidents raised concerns over the safety of the public and workers working at the metro construction site. About 337 km of the metro network will be built in the Mumbai Metropolitan Region","The Hindu","https://www.thehindu.com/news/cities/mumbai/metro-4-incident-story-of-negligence-government-apathy-dubious-consultancy-and-safety-concerns/article70656672.ece"
"AI summit statement delayed to ‘maximise’ signatories, says India ""There is huge consensus on the declaration. We are just trying to maximise the number,"" India's IT minister Ashwini Vaishnaw told reporters","The Hindu","https://www.thehindu.com/sci-tech/technology/ai-summit-statement-delayed-to-maximise-signatories-says-india/article70658793.ece"
"Allahabad HC quashes case against two students booked for reading namaz at restricted site A court in Sant Kabir Nagar had taken cognisance of the alleged offences and issued a summoning order against the two students in May 2019","The Hindu","https://www.thehindu.com/news/national/allahabad-hc-quashes-case-against-two-students-booked-for-reading-namaz-at-restricted-site/article70658839.ece"
"Simultaneous elections are essential to become a developed nation by 2047: Chaudhary Electoral reform is needed, and simultaneous polls is an issue of national interest, says the chairperson of the Joint Parliamentary Committee examining the Bill on concurrent elections; political ideologies, the BJP MP adds, will have to be set aside for it, and it is not a reform that the BJP alone is pushing for","The Hindu","https://www.thehindu.com/news/national/simultaneous-elections-are-essential-to-become-a-developed-nation-by-2047-chaudhary/article70656492.ece"
"In Hyderabad, Palate by Design brings together architects and chefs The debut festival presents immersive culinary environments","The Hindu","https://www.thehindu.com/life-and-style/in-hyderabad-palate-by-design-brings-together-architects-and-chefs/article70638549.ece"
"Morning Digest: Trump signs 10% global tariff order after U.S. top court rebuke; Amid SIR, Home Ministry notifies another panel to clear pending CAA applications in Bengal, and more Here is a select list of stories to start the day","The Hindu","https://www.thehindu.com/news/morning-digest-on-february-21-2026/article70658750.ece"
"U.S. partners that struck deals with Trump now face 10% tariff, says White House ""This is, however, only temporary as the administration will be pursuing other legal authorities to implement more appropriate or pre-negotiated tariff rates,"" a White House official said","The Hindu","https://www.thehindu.com/news/international/trump-signs-global-10-percent-tariff-order-white-house/article70658779.ece"
"U.S. makes plans to reopen embassy in Syria after 14 years A notice to congressional committees obtained by The Associated Press, informed lawmakers of the State Department's “intent to implement a phased approach to potentially resume embassy operations in Syria”","The Hindu","https://www.thehindu.com/news/international/us-makes-plans-to-reopen-embassy-in-syria-after-14-years/article70658774.ece"
"Israeli strikes in Lebanon kill at least 12 people, intensifying rising regional tensions Israel said it had hit “command centers” of the Lebanese militant group Hezbollah in Bekaa Valley. There was no immediate statement from Hezbollah","The Hindu","https://www.thehindu.com/news/international/israeli-strikes-in-lebanon-kill-at-least-12-people-intensifying-rising-regional-tensions/article70658760.ece"
"Saisudha Acharya: ‘The discipline of history isn’t as easy as people make it out to be’ Bengaluru-based writer Saisudha Acharya on the genesis of her History Unpacked book series, how children enjoy a blend of fact and humour and why understanding historical method is so important","The Hindu","https://www.thehindu.com/news/cities/bangalore/saisudha-acharya-the-discipline-of-history-isnt-as-easy-as-people-make-it-out-to-be/article70654948.ece"
"U.S. trade partners cautiously welcome tariff ruling soon after the decision was announced, U.S. President Donald Trump vowed to impose a 10% tariff on all imports into the United States under a separate authority","The Hindu","https://www.thehindu.com/news/international/us-trade-partners-cautiously-welcome-tariff-ruling/article70657902.ece"
"Why the Strait of Hormuz remains central to global energy security As Iran launches fresh military exercises in the corridor to prepare for ‘potential security threats’, attention has once again shifted to the world’s most critical energy chokepoint that carries almost 20% of global petroleum; any disruption here could jolt energy prices and economies, including India’s","The Hindu","https://www.thehindu.com/news/international/why-the-strait-of-hormuz-remains-central-to-global-energy-security/article70656443.ece"
"What are Section 122, 301 and 232 tariffs Trump is considering? Section 122 of the Trade Act of 1974 permits the U.S. President to impose tariffs of up to 15% on a country to address “a large and serious United States balance-of-payments deficit”","The Hindu","https://www.thehindu.com/news/international/what-are-section-122-301-and-232-tariffs-trump-is-considering/article70657911.ece"
"Maharashtra’s Ladki Bahin Yojana: Waiting for ₹1,500 The Mukhyamantri Majhi Ladki Bahin Yojana was rolled out ahead of the Maharashtra Assembly elections in mid-2024. It assured women between the ages of 21 and 65 a monthly stipend of ₹1,500, and the first tranche of payouts were made. After the Mahayuti government returned to power, it introduced mandatory e-KYC verification, which led to a reduction in the number of eligible beneficiaries, reports Vinaya Deshpande Pandit","The Hindu","https://www.thehindu.com/news/national/maharashtra/maharashtras-ladki-bahin-yojana-waiting-for-1500/article70657324.ece"
"‘They’ll be paying tariffs, and we will not be paying tariffs’: Trump says no changes to India-U.S. deal post court ruling Donald Trump claimed, as he has done before on multiple occasions, that he stopped the “war” (in May 2025) between India and Pakistan “largely” by threatening each country with 200% tariffs","The Hindu","https://www.thehindu.com/news/international/theyll-be-paying-tariffs-and-we-will-not-be-paying-tariffs-trump-says-no-changes-to-india-us-deal-post-court-ruling/article70657726.ece"
"CPI(M)’s Md Salim says there is no lobby in the party as estranged leader Pratik Ur Rahaman raises questions about lobbying and favouritism The senior CPI(M) leader avoided any direct questions about the estranged leader amid the political buzz of Rahaman joining the ruling Trinamool Congress","The Hindu","https://www.thehindu.com/news/national/west-bengal/cpims-md-salim-saysthere-is-no-lobby-in-the-partyas-estranged-leader-pratik-ur-rahaman-raises-questions-about-lobbying-andfavouritism/article70656542.ece"
"Haryana Governor Ghosh says crimes against women decreased by 16% in 2025 The Governor said that the crime against women in respect of the Scheduled Castes has been declining for the last 4-5 years","The Hindu","https://www.thehindu.com/news/national/haryana/haryana-governor-ghosh-says-crimes-against-women-decreased-by-16-in-2025/article70656590.ece"
"MNS Chief Raj Thackeray stresses need for constructive Opposition, reaches out to ruling dispensation Raj Thackeray, who met the Shiv Sena leader a day earlier, said his outreach was driven purely by civic concerns and not political realignment","The Hindu","https://www.thehindu.com/news/national/maharashtra/mns-chief-raj-thackeray-stresses-need-for-constructive-opposition-reaches-out-to-ruling-dispensation/article70656858.ece"
"U.P. court sentences ex-junior engineer, wife to death for sexual exploitation of 33 children The POCSO court termed the crimes as ""rarest of rare"" and held Ram Bhawan and his wife Durgawati guilty of systematically abusing children between 2010 and 2020","The Hindu","https://www.thehindu.com/news/national/uttar-pradesh/up-court-sentences-ex-junior-engineer-wife-to-death-for-sexual-exploitation-of-33-children/article70657750.ece"
"Epstein row: U.K. government considers removing former prince Andrew from line of succession Amid a torrent of often tawdry revelations from the files of late U.S. sex offender Jeffrey Epstein, King Charles III has already stripped his younger brother of all his titles and ousted him from his home in Windsor","The Hindu","https://www.thehindu.com/news/international/uk-government-considers-removing-former-prince-andrew-from-line-of-succession-amid-epstein-row/article70657745.ece"
"Have done more work in 1 year than AAP did in 10 years: CM Delhi CM Gupta highlights Yamuna rejuvenation, infrastructure upgrades and improved air quality as key first-year achievements","The Hindu","https://www.thehindu.com/news/cities/Delhi/have-done-more-work-in-1-year-than-aap-did-in-10-years-cm/article70657740.ece"
"Amid SIR exercise, Home Ministry notifies another panel to clear pending CAA applications in West Bengal “This is an additional committee that will process and fast-track CAA applications in the State,” says a government source; many applications have come from Matuas","The Hindu","https://www.thehindu.com/news/national/west-bengal/amid-sir-exercise-home-ministry-notifies-another-panel-to-clear-pending-caa-applications-in-west-bengal-primarily-by-matuas/article70657670.ece"
"Music festival pays tributes to saint Thyagaraja More than 200 artists are participating in the event. Sunday will see a ceremonial procession being taken out at 8 a.m., followed by rendering of the famed ‘Pancharatna Kritis’","The Hindu","https://www.thehindu.com/news/national/andhra-pradesh/music-festival-pays-tributes-to-saint-thyagaraja/article70656618.ece"
